PreferedOrderCat,用户数,流失率,平均订单数,平均优惠券数,平均返现,用户占比
Electronics,881,0.16458569807037457,25.819523269012485,9.14982973893303,245.38031782065835,0.1762
Mobile Phone,900,0.14666666666666667,25.432222222222222,9.467777777777778,254.07164444444444,0.18
Grocery,933,0.14469453376205788,25.239013933547696,9.404072883172562,246.2279528403001,0.1866
Fashion,884,0.12217194570135746,25.273755656108598,9.347285067873303,250.68815610859727,0.1768
Laptop,869,0.11967779056386652,24.417721518987342,9.342922899884925,253.62636363636364,0.1738
