Complain,用户数,流失人数,流失率,平均满意度,平均订单数,投诉状态
0,4789,680,0.1419920651493005,2.987888912090207,25.417206097306327,无投诉
1,211,23,0.10900473933649289,3.1658767772511847,26.355450236966824,有投诉
