PreferredPaymentMode,用户数,流失率,平均订单数,平均优惠券数,平均返现
Cash on Delivery,2045,0.1452322738386308,25.532518337408312,9.23716381418093,249.76701222493887
Credit Card,925,0.1362162162162162,25.285405405405406,9.35027027027027,252.38342702702704
E-wallet,838,0.14439140811455847,25.05966587112172,9.467780429594272,250.77472553699283
Debit Card,688,0.12790697674418605,25.927325581395348,9.5625,248.4047965116279
