TenureGroup,用户数,流失人数,流失率,平均订单数,平均返现,平均距上次下单天数
0个月,60,12,0.2,23.866666666666667,226.36733333333333,44.983333333333334
1-12个月,745,121,0.16241610738255033,25.914093959731545,251.4345234899329,43.33691275167785
13-24个月,760,101,0.13289473684210526,26.498684210526317,249.25451315789473,44.24342105263158
25-36个月,1198,162,0.1352253756260434,24.8347245409015,252.48015025041735,44.75542570951586
37-48个月,727,102,0.14030261348005502,24.803301237964238,248.8345392022008,44.39477303988996
49-60个月,746,84,0.1126005361930295,25.658176943699733,248.1943967828418,46.39946380697051
61-72个月,764,121,0.15837696335078533,25.5,252.23062827225132,46.352094240837694
