TenureGroup,无投诉用户数,有投诉用户数,无投诉流失率,有投诉流失率
0个月,59,1,0.2033898305084746,0.0
1-12个月,721,24,0.1636615811373093,0.125
13-24个月,737,23,0.13161465400271372,0.17391304347826086
25-36个月,1133,65,0.13768755516328332,0.09230769230769231
37-48个月,696,31,0.14367816091954022,0.06451612903225806
49-60个月,702,44,0.1111111111111111,0.13636363636363635
61-72个月,741,23,0.16059379217273953,0.08695652173913043
