PreferedOrderCat,用户数,流失率,平均订单数
Fashion,826,0.154964,3.865617
Grocery,410,0.048780,4.597561
Laptop & Accessory,2050,0.102439,2.766341
Mobile,809,0.271941,1.724351
Mobile Phone,1271,0.275374,2.474430
Others,264,0.075758,5.250000