TenureGroup,用户数,流失人数,流失率,平均订单数
0个月,508,272,0.535433,1.889764
1-12个月,3226,581,0.180099,2.715127
13-24个月,1467,95,0.064758,3.704840
25-36个月,425,0,0.000000,3.560000
49-60个月,3,0,0.000000,2.000000
61-72个月,1,0,0.000000,2.000000